Date,Price
2014-03-31,105.580002
2014-04-01,106.400002
2014-04-02,107.25
2014-04-03,108.129997
2014-04-04,108.510002
2014-04-07,106.559998
2014-04-08,104.75
2014-04-09,105.660004
2014-04-10,106.589996
2014-04-11,103.849998
2014-04-14,103.919998
2014-04-15,104.150002
2014-04-16,105.410004
2014-04-17,106.139999
2014-04-21,106.68
2014-04-22,106.629997
2014-04-23,107.18
2014-04-24,107.419998
2014-04-25,106.07
2014-04-28,105.830002
2014-04-29,105.25
2014-04-30,105.550003
2014-05-01,106.309998
2014-05-02,106.209999
2014-05-05,106.349998
2014-05-06,106.839996
2014-05-07,106.629997
2014-05-08,107.480003
2014-05-09,106.260002
2014-05-12,106.980003
2014-05-13,108.199997
2014-05-14,108.150002
2014-05-15,107.419998
2014-05-16,106.269997
2014-05-19,106.779999
2014-05-20,107.239998
2014-05-21,106.839996
2014-05-22,107.300003
2014-05-23,107.559998
2014-05-27,108.550003
2014-05-28,108.489998
2014-05-29,108.620003
2014-05-30,109.370003
2014-06-02,109.309998
2014-06-03,109.120003
2014-06-04,109.25
2014-06-05,109.889999
2014-06-06,110.489998
2014-06-09,111.150002
2014-06-10,110.739998
2014-06-11,110.410004
2014-06-12,110.160004
2014-06-13,109.360001
2014-06-16,109.720001
2014-06-17,109.300003
2014-06-18,110.050003
2014-06-19,111.300003
2014-06-20,111.230003
2014-06-23,111.650002
2014-06-24,111.57
2014-06-25,110.849998
2014-06-26,111.589996
2014-06-27,110.730003
2014-06-30,111.300003
2014-07-01,112.010002
2014-07-02,112.150002
2014-07-03,112.550003
2014-07-07,112.889999
2014-07-08,111.839996
2014-07-09,111.860001
2014-07-10,110.910004
2014-07-11,111.190002
2014-07-14,111.669998
2014-07-15,111.68
2014-07-16,111.610001
2014-07-17,111.57
2014-07-18,111.349998
2014-07-21,111.639999
2014-07-22,112.029999
2014-07-23,112.050003
2014-07-24,112.230003
2014-07-25,111.889999
2014-07-28,112.339996
2014-07-29,112.720001
2014-07-30,112.260002
2014-07-31,110.489998
2014-08-01,108.959999
2014-08-04,109.290001
2014-08-05,109.839996
2014-08-06,108.620003
2014-08-07,110.510002
2014-08-08,109.169998
2014-08-11,110.709999
2014-08-12,110.139999
2014-08-13,110.800003
2014-08-14,111.110001
2014-08-15,111.57
2014-08-18,111.970001
2014-08-19,112.889999
2014-08-20,112.739998
2014-08-21,113.099998
2014-08-22,112.870003
2014-08-25,113
2014-08-26,112.919998
2014-08-27,113.25
2014-08-28,112.949997
2014-08-29,113.459999
2014-09-02,113.519997
2014-09-03,113.779999
2014-09-04,113.709999
2014-09-05,112.980003
2014-09-08,113.760002
2014-09-09,113.239998
2014-09-10,112.230003
2014-09-11,111.830002
2014-09-12,112.449997
2014-09-15,111.669998
2014-09-16,111.599998
2014-09-17,112.949997
2014-09-18,113.360001
2014-09-19,114
2014-09-22,113.559998
2014-09-23,112.650002
2014-09-24,112.199997
2014-09-25,112.589996
2014-09-26,111.269997
2014-09-29,111.099998
2014-09-30,111.620003
2014-10-01,109.949997
2014-10-02,107.360001
2014-10-03,108
2014-10-06,107.639999
2014-10-07,106.989998
2014-10-08,105.519997
2014-10-09,106.93
2014-10-10,104.07
2014-10-13,102.400002
2014-10-14,100.610001
2014-10-15,99.220001
2014-10-16,99.510002
2014-10-17,103.449997
2014-10-20,103.599998
2014-10-21,106.07
2014-10-22,108.290001
2014-10-23,107.800003
2014-10-24,106.919998
2014-10-27,107.089996
2014-10-28,105.940002
2014-10-29,107.050003
2014-10-30,105.43
2014-10-31,107.300003
2014-11-03,108.5
2014-11-04,107.370003
2014-11-05,107.089996
2014-11-06,107.620003
2014-11-07,108.599998
2014-11-10,109.169998
2014-11-11,109.360001
2014-11-12,109.639999
2014-11-13,110.199997
2014-11-14,109.779999
2014-11-17,109.919998
2014-11-18,110.349998
2014-11-19,111.220001
2014-11-20,110.370003
2014-11-21,113.010002
2014-11-24,112.790001
2014-11-25,112.629997
2014-11-26,112.199997
2014-11-28,111.330002
2014-12-01,109.370003
2014-12-02,108.279999
2014-12-03,109.260002
2014-12-04,110.760002
2014-12-05,111.269997
2014-12-08,110.839996
2014-12-09,108.489998
2014-12-10,109.599998
2014-12-11,107.809998
2014-12-12,107.010002
2014-12-15,105.059998
2014-12-16,103.5
2014-12-17,103.739998
2014-12-18,106.050003
2014-12-19,106.540001
2014-12-22,107.779999
2014-12-23,107.860001
2014-12-24,108.470001
2014-12-26,108.68
2014-12-29,108.550003
2014-12-30,108.440002
2014-12-31,109.019997
2015-01-02,107.699997
2015-01-05,107
2015-01-06,104.910004
2015-01-07,104.129997
2015-01-08,105.349998
2015-01-09,107.25
2015-01-12,106.540001
2015-01-13,106.879997
2015-01-14,103.610001
2015-01-15,104.519997
2015-01-16,103.519997
2015-01-20,105.720001
2015-01-21,104.959999
2015-01-22,106.660004
2015-01-23,107.339996
2015-01-26,105.410004
2015-01-27,105.040001
2015-01-28,105.849998
2015-01-29,103.919998
2015-01-30,104
2015-02-02,104.82
2015-02-03,105.93
2015-02-04,107.099998
2015-02-05,107.580002
2015-02-06,109.410004
2015-02-09,109.160004
2015-02-10,109.709999
2015-02-11,109.900002
2015-02-12,110.470001
2015-02-13,112.110001
2015-02-17,112.25
2015-02-18,112.599998
2015-02-19,112.720001
2015-02-20,113.389999
2015-02-23,113.230003
2015-02-24,113.75
2015-02-25,113.919998
2015-02-26,113.589996
2015-02-27,112.919998
2015-03-02,112.730003
2015-03-03,113.129997
2015-03-04,112.349998
2015-03-05,112.540001
2015-03-06,111.089996
2015-03-09,110.599998
2015-03-10,109.519997
2015-03-11,108.860001
2015-03-12,109.199997
2015-03-13,109.919998
2015-03-16,109.300003
2015-03-17,108.379997
2015-03-18,107.709999
2015-03-19,109.279999
2015-03-20,108.339996
2015-03-23,108.830002
2015-03-24,108.879997
2015-03-25,108.800003
2015-03-26,107.220001
2015-03-27,107.900002
2015-03-30,108.43
2015-03-31,108.839996
2015-04-01,108.519997
2015-04-02,108.169998
2015-04-06,108.279999
2015-04-07,109.580002
2015-04-08,109.57
2015-04-09,109.519997
2015-04-10,110.32
2015-04-13,110.300003
2015-04-14,110.040001
2015-04-15,110.660004
2015-04-16,111.279999
2015-04-17,110.470001
2015-04-20,110.529999
2015-04-21,110.860001
2015-04-22,110.050003
2015-04-23,110
2015-04-24,111.07
2015-04-27,111.660004
2015-04-28,111.809998
2015-04-29,111.559998
2015-04-30,111.720001
2015-05-01,111.809998
2015-05-04,113.269997
2015-05-05,112.709999
2015-05-06,111.900002
2015-05-07,111.309998
2015-05-08,112.75
2015-05-11,113.220001
2015-05-12,112.599998
2015-05-13,111.699997
2015-05-14,112.620003
2015-05-15,113.25
2015-05-18,113.330002
2015-05-19,113.260002
2015-05-20,112.82
2015-05-21,112.540001
2015-05-22,112.830002
2015-05-26,112.540001
2015-05-27,111.489998
2015-05-28,111.949997
2015-05-29,112.330002
2015-06-01,112
2015-06-02,111.470001
2015-06-03,112.5
2015-06-04,112.019997
2015-06-05,110.839996
2015-06-08,110.75
2015-06-09,110.480003
2015-06-10,110.879997
2015-06-11,111.839996
2015-06-12,111.529999
2015-06-15,110.519997
2015-06-16,110.190002
2015-06-17,111.220001
2015-06-18,111.459999
2015-06-19,112.18
2015-06-22,112.099998
2015-06-23,112.040001
2015-06-24,111.540001
2015-06-25,110.760002
2015-06-26,110.5
2015-06-29,109.099998
2015-06-30,108.25
2015-07-01,108.220001
2015-07-02,108.220001
2015-07-06,106.800003
2015-07-07,106.75
2015-07-08,105.699997
2015-07-09,105.129997
2015-07-10,105.290001
2015-07-13,106.260002
2015-07-14,106.940002
2015-07-15,107.389999
2015-07-16,106.690002
2015-07-17,106.120003
2015-07-20,106.18
2015-07-21,104.389999
2015-07-22,103.440002
2015-07-23,103.699997
2015-07-24,102.110001
2015-07-27,99.269997
2015-07-28,98.980003
2015-07-29,101.300003
2015-07-30,102
2015-07-31,102.730003
2015-08-03,102.050003
2015-08-04,101.400002
2015-08-05,102.480003
2015-08-06,102.360001
2015-08-07,101.660004
2015-08-10,101.050003
2015-08-11,102
2015-08-12,100.550003
2015-08-13,101.139999
2015-08-14,101.089996
2015-08-17,101.370003
2015-08-18,102.110001
2015-08-19,101.160004
2015-08-20,99.739998
2015-08-21,97.980003
2015-08-24,89.209999
2015-08-25,93.050003
2015-08-26,91.5
2015-08-27,93.730003
2015-08-28,96.029999
2015-08-31,96.160004
2015-09-01,95.459999
2015-09-02,94.470001
2015-09-03,94.93
2015-09-04,92.870003
2015-09-08,94.910004
2015-09-09,96.370003
2015-09-10,94.809998
2015-09-11,94.540001
2015-09-14,94.699997
2015-09-15,93.760002
2015-09-16,94.529999
2015-09-17,95.830002
2015-09-18,94.199997
2015-09-21,94.139999
2015-09-22,92.769997
2015-09-23,90.720001
2015-09-24,88.209999
2015-09-25,89.389999
2015-09-28,87.779999
2015-09-29,85.510002
2015-09-30,86.489998
2015-10-01,87.510002
2015-10-02,87.239998
2015-10-05,90.879997
2015-10-06,93.199997
2015-10-07,94
2015-10-08,94.879997
2015-10-09,96.949997
2015-10-12,96.599998
2015-10-13,95.230003
2015-10-14,95.449997
2015-10-15,96.330002
2015-10-16,96.660004
2015-10-19,95.970001
2015-10-20,95.5
2015-10-21,96.080002
2015-10-22,95.599998
2015-10-23,97.970001
2015-10-26,97.900002
2015-10-27,96.730003
2015-10-28,96.660004
2015-10-29,97.889999
2015-10-30,98.43
2015-11-02,98.75
2015-11-03,99.290001
2015-11-04,99.839996
2015-11-05,98.900002
2015-11-06,97.82
2015-11-09,98.459999
2015-11-10,97.559998
2015-11-11,97.370003
2015-11-12,96.419998
2015-11-13,95.029999
2015-11-16,96.129997
2015-11-17,97.5
2015-11-18,97.349998
2015-11-19,98.970001
2015-11-20,99.269997
2015-11-23,98.720001
2015-11-24,98.410004
2015-11-25,99.779999
2015-11-27,99.230003
2015-11-30,99.470001
2015-12-01,99.660004
2015-12-02,99.639999
2015-12-03,98.980003
2015-12-04,97.989998
2015-12-07,98.849998
2015-12-08,96.529999
2015-12-09,97.519997
2015-12-10,97.5
2015-12-11,95.199997
2015-12-14,94.580002
2015-12-15,94.440002
2015-12-16,94.620003
2015-12-17,95.370003
2015-12-18,93.230003
2015-12-21,92.860001
2015-12-22,93.309998
2015-12-23,94.32
2015-12-24,95.739998
2015-12-28,95.139999
2015-12-29,95.57
2015-12-30,95.68
2015-12-31,94.800003
2016-01-04,92.769997
2016-01-05,92.919998
2016-01-06,91.389999
2016-01-07,88.870003
2016-01-08,88.57
2016-01-11,87.300003
2016-01-12,86.540001
2016-01-13,86.339996
2016-01-14,84.019997
2016-01-15,83.959999
2016-01-19,84.120003
2016-01-20,80.989998
2016-01-21,81.779999
2016-01-22,83.559998
2016-01-25,83.059998
2016-01-26,81.599998
2016-01-27,82.220001
2016-01-28,82.480003
2016-01-29,82.470001
2016-02-01,84.110001
2016-02-02,84.489998
2016-02-03,84.720001
2016-02-04,86.489998
2016-02-05,88.099998
2016-02-08,86.519997
2016-02-09,84.32
2016-02-10,86.440002
2016-02-11,84
2016-02-12,84.529999
2016-02-16,86.82
2016-02-17,88.099998
2016-02-18,89.129997
2016-02-19,88.169998
2016-02-22,88.709999
2016-02-23,88.739998
2016-02-24,86.349998
2016-02-25,88.510002
2016-02-26,90.099998
2016-02-29,90.559998
2016-03-01,91.339996
2016-03-02,91.68
2016-03-03,92.480003
2016-03-04,93.220001
2016-03-07,94.199997
2016-03-08,94.5
2016-03-09,93.690002
2016-03-10,94.580002
2016-03-11,95.349998
2016-03-14,95.730003
2016-03-15,94.720001
2016-03-16,94.709999
2016-03-17,96.720001
2016-03-18,99.400002
2016-03-21,98.480003
2016-03-22,97.660004
2016-03-23,97.970001
2016-03-24,96.510002
2016-03-28,97.510002
2016-03-29,97.32
2016-03-30,98.959999
2016-03-31,98.830002
2016-04-01,97.360001
2016-04-04,98.830002
2016-04-05,97.279999
2016-04-06,97.199997
2016-04-07,97.739998
2016-04-08,97.68
2016-04-11,98.519997
2016-04-12,98.550003
2016-04-13,100.349998
2016-04-14,101.040001
2016-04-15,100.620003
2016-04-18,100.949997
2016-04-19,102.190002
2016-04-20,103.82
2016-04-21,103.940002
2016-04-22,103.449997
2016-04-25,103.459999
2016-04-26,103.510002
2016-04-27,104.440002
2016-04-28,104.529999
2016-04-29,103.970001
2016-05-02,103.889999
2016-05-03,103.139999
2016-05-04,101.150002
2016-05-05,101.720001
2016-05-06,100.68
2016-05-09,101.459999
2016-05-10,100.57
2016-05-11,102.239998
2016-05-12,103
2016-05-13,101.949997
2016-05-16,101.410004
2016-05-17,102.260002
2016-05-18,101.290001
2016-05-19,100.010002
2016-05-20,100.940002
2016-05-23,101.519997
2016-05-24,102.470001
2016-05-25,103.5
2016-05-26,104.800003
2016-05-27,103.309998
2016-05-31,103.900002
2016-06-01,102.779999
2016-06-02,103.199997
2016-06-03,103.720001
2016-06-06,105.099998
2016-06-07,105.870003
2016-06-08,106.57
2016-06-09,106.269997
2016-06-10,105.410004
2016-06-13,105.139999
2016-06-14,103.699997
2016-06-15,103.690002
2016-06-16,102.919998
2016-06-17,103.879997
2016-06-20,105.209999
2016-06-21,104.940002
2016-06-22,104.589996
2016-06-23,105.489998
2016-06-24,102.949997
2016-06-27,100.559998
2016-06-28,99.07
2016-06-29,100
2016-06-30,100.93
2016-07-01,102.580002
2016-07-05,102.230003
2016-07-06,100.519997
2016-07-07,101.5
2016-07-08,102.360001
2016-07-11,105.239998
2016-07-12,105.400002
2016-07-13,107.099998
2016-07-14,107.650002
2016-07-15,108.489998
2016-07-18,108.300003
2016-07-19,108.379997
2016-07-20,107.739998
2016-07-21,108.169998
2016-07-22,107.510002
2016-07-25,107.559998
2016-07-26,107.470001
2016-07-27,108.639999
2016-07-28,108.440002
2016-07-29,108.190002
2016-08-01,108.050003
2016-08-02,107.589996
2016-08-03,106.959999
2016-08-04,107.57
2016-08-05,108.150002
2016-08-08,108.43
2016-08-09,108.529999
2016-08-10,108.459999
2016-08-11,108.519997
2016-08-12,108.660004
2016-08-15,107.849998
2016-08-16,108.93
2016-08-17,108.029999
2016-08-18,107.980003
2016-08-19,108.220001
2016-08-22,108.360001
2016-08-23,109.510002
2016-08-24,109.5
2016-08-25,108.040001
2016-08-26,109.239998
2016-08-29,108.150002
2016-08-30,109.279999
2016-08-31,108.830002
2016-09-01,108.330002
2016-09-02,109.150002
2016-09-06,109.879997
2016-09-07,109.559998
2016-09-08,109.220001
2016-09-09,108.169998
2016-09-12,104.669998
2016-09-13,105.580002
2016-09-14,104.419998
2016-09-15,104.160004
2016-09-16,104.629997
2016-09-19,105.260002
2016-09-20,104.989998
2016-09-21,104.739998
2016-09-22,106.699997
2016-09-23,106.260002
2016-09-26,105.510002
2016-09-27,105.199997
2016-09-28,106.010002
2016-09-29,106.75
2016-09-30,106.699997
2016-10-03,107.050003
2016-10-04,106.610001
2016-10-05,105.400002
2016-10-06,105.370003
2016-10-07,106.580002
2016-10-10,104.739998
2016-10-11,104.760002
2016-10-12,103.900002
2016-10-13,102.839996
2016-10-14,103.669998
2016-10-17,103.529999
2016-10-18,104.830002
2016-10-19,105.040001
2016-10-20,105.379997
2016-10-21,104.599998
2016-10-24,105.830002
2016-10-25,105.489998
2016-10-26,104.400002
2016-10-27,104.5
2016-10-28,104.279999
2016-10-31,104.43
2016-11-01,104.43
2016-11-02,103.610001
2016-11-03,103.139999
2016-11-04,103.220001
2016-11-07,104.400002
2016-11-08,105.089996
2016-11-09,104.599998
2016-11-10,109.07
2016-11-11,109.309998
2016-11-14,109.879997
2016-11-15,109.459999
2016-11-16,109.790001
2016-11-17,110
2016-11-18,109.900002
2016-11-21,110.230003
2016-11-22,111.279999
2016-11-23,111.720001
2016-11-25,112.480003
2016-11-28,113.120003
2016-11-29,111.519997
2016-11-30,112.919998
2016-12-01,113.330002
2016-12-02,112.949997
2016-12-05,113.860001
2016-12-06,114.330002
2016-12-07,114.760002
2016-12-08,116.540001
2016-12-09,117.25
2016-12-12,117.040001
2016-12-13,116.639999
2016-12-14,115.279999
2016-12-15,113.959999
2016-12-16,114.800003
2016-12-19,114.269997
2016-12-20,114.379997
2016-12-21,114.629997
2016-12-22,114.389999
2016-12-23,113.57
2016-12-27,114.18
2016-12-28,115.059998
2016-12-29,113.389999
2016-12-30,113.730003
2017-01-03,113.07
2017-01-04,113.559998
2017-01-05,115.379997
2017-01-06,114.970001
2017-01-09,114.459999
2017-01-10,114.620003
2017-01-11,114.959999
2017-01-12,115.510002
2017-01-13,115.410004
2017-01-17,115.300003
2017-01-18,114.980003
2017-01-19,115.68
2017-01-20,115.239998
2017-01-23,115.629997
2017-01-24,116.089996
2017-01-25,119.370003
2017-01-26,119.830002
2017-01-27,119.779999
2017-01-30,119
2017-01-31,118.230003
2017-02-01,117.849998
2017-02-02,118.449997
2017-02-03,118.25
2017-02-06,118.32
2017-02-07,118.019997
2017-02-08,117.32
2017-02-09,117.5
2017-02-10,118.209999
2017-02-13,119.519997
2017-02-14,119.610001
2017-02-15,119.760002
2017-02-16,120.019997
2017-02-17,119.68
2017-02-21,119.779999
2017-02-22,119.970001
2017-02-23,120.720001
2017-02-24,118.669998
2017-02-27,119.169998
2017-02-28,118.970001
2017-03-01,120.150002
2017-03-02,121.370003
2017-03-03,119.949997
2017-03-06,119.43
2017-03-07,118.900002
2017-03-08,118.040001
2017-03-09,117.839996
2017-03-10,118.110001
2017-03-13,118.160004
2017-03-14,118
2017-03-15,118.269997
2017-03-16,120.300003
2017-03-17,119.629997
2017-03-20,119.75
2017-03-21,120.480003
2017-03-22,117.769997
2017-03-23,118.050003
2017-03-24,118.209999
2017-03-27,115.470001
2017-03-28,117.190002
2017-03-29,118.519997
2017-03-30,118.800003
2017-03-31,118.870003
2017-04-03,119.150002
2017-04-04,118.379997
2017-04-05,119.440002
2017-04-06,118.43
2017-04-07,118.830002
2017-04-10,119.150002
2017-04-11,118.870003
2017-04-12,118.989998
2017-04-13,117.139999
2017-04-17,116.379997
2017-04-18,116.5
2017-04-19,117.230003
2017-04-20,117.57
2017-04-21,118.489998
2017-04-24,119.720001
2017-04-25,120.970001
2017-04-26,121.330002
2017-04-27,121.290001
2017-04-28,121.25
2017-05-01,120.43
2017-05-02,120.199997
2017-05-03,119.660004
2017-05-04,118.760002
2017-05-05,119.279999
2017-05-08,120.379997
2017-05-09,119.489998
2017-05-10,119.010002
2017-05-11,119.309998
2017-05-12,118.849998
2017-05-15,119.18
2017-05-16,120.220001
2017-05-17,119.199997
2017-05-18,117.050003
2017-05-19,117.790001
2017-05-22,119.110001
2017-05-23,118.800003
2017-05-24,119.059998
2017-05-25,119.809998
2017-05-26,119.330002
2017-05-30,119.440002
2017-05-31,119.449997
2017-06-01,119.699997
2017-06-02,121.18
2017-06-05,121.32
2017-06-06,120.669998
2017-06-07,121.230003
2017-06-08,120.919998
2017-06-09,121.82
2017-06-12,122.779999
2017-06-13,122.75
2017-06-14,124.110001
2017-06-15,121.769997
2017-06-16,121.519997
2017-06-19,122.300003
2017-06-20,122.43
2017-06-21,122.18
2017-06-22,120.870003
2017-06-23,121.309998
2017-06-26,121.989998
2017-06-27,122.25
2017-06-28,121.650002
2017-06-29,122.199997
2017-06-30,121.489998
2017-07-03,121.989998
2017-07-05,123.089996
2017-07-06,121.879997
2017-07-07,121.660004
2017-07-10,122.230003
2017-07-11,123.110001
2017-07-12,123.690002
2017-07-13,124.260002
2017-07-14,124.440002
2017-07-17,124.980003
2017-07-18,124.910004
2017-07-19,124.800003
2017-07-20,125.779999
2017-07-21,124.93
2017-07-24,124.809998
2017-07-25,125.739998
2017-07-26,126.059998
2017-07-27,125.419998
2017-07-28,124.419998
2017-07-31,124.32
2017-08-01,123.690002
2017-08-02,123.25
2017-08-03,123.480003
2017-08-04,123.019997
2017-08-07,123.230003
2017-08-08,123.080002
2017-08-09,122.010002
2017-08-10,121.699997
2017-08-11,120.260002
2017-08-14,121.120003
2017-08-15,121.760002
2017-08-16,121.860001
2017-08-17,122.400002
2017-08-18,120.510002
2017-08-21,120.839996
2017-08-22,120.720001
2017-08-23,121.900002
2017-08-24,122.459999
2017-08-25,122.599998
2017-08-28,122.769997
2017-08-29,122.160004
2017-08-30,122.279999
2017-08-31,123.839996
2017-09-01,124.599998
2017-09-05,125.459999
2017-09-06,124.019997
2017-09-07,124.300003
2017-09-08,124.330002
2017-09-11,124.910004
2017-09-12,126.400002
2017-09-13,127.150002
2017-09-14,126.440002
2017-09-15,126.879997
2017-09-18,127.389999
2017-09-19,128.009995
2017-09-20,128.669998
2017-09-21,129.059998
2017-09-22,128.490005
2017-09-25,128.369995
2017-09-26,128.5
2017-09-27,127.75
2017-09-28,127.709999
2017-09-29,128.720001
2017-10-02,128.600006
2017-10-03,130.639999
2017-10-04,131.050003
2017-10-05,131.289993
2017-10-06,131.100006
2017-10-09,131.449997
2017-10-10,131.600006
2017-10-11,131.179993
2017-10-12,131.039993
2017-10-13,132.289993
2017-10-16,132.770004
2017-10-17,132.070007
2017-10-18,131.860001
2017-10-19,130.949997
2017-10-20,132.5
2017-10-23,133.220001
2017-10-24,132.960007
2017-10-25,133.380005
2017-10-26,133.75
2017-10-27,133.899994
2017-10-30,133.899994
2017-10-31,133.029999
2017-11-01,134.160004
2017-11-02,134.009995
2017-11-03,133.130005
2017-11-06,133.160004
2017-11-07,132.779999
2017-11-08,132.559998
2017-11-09,131.979996
2017-11-10,131.110001
2017-11-13,130.5
2017-11-14,130.929993
2017-11-15,129.770004
2017-11-16,130.139999
2017-11-17,131.169998
2017-11-20,131.660004
2017-11-21,132.529999
2017-11-22,133.080002
2017-11-24,132.889999
2017-11-27,133.190002
2017-11-28,132.399994
2017-11-29,133.899994
2017-11-30,134.309998
2017-12-01,134.649994
2017-12-04,134.630005
2017-12-05,134.710007
2017-12-06,133.770004
2017-12-07,133.809998
2017-12-08,134.449997
2017-12-11,134.100006
2017-12-12,134.449997
2017-12-13,134.270004
2017-12-14,134.289993
2017-12-15,133
2017-12-18,133.889999
2017-12-19,135.440002
2017-12-20,135.550003
2017-12-21,135.940002
2017-12-22,136
2017-12-26,136.320007
2017-12-27,136.479996
2017-12-28,136.580002
2017-12-29,137.529999
2018-01-02,137.479996
2018-01-03,139.309998
2018-01-04,140.169998
2018-01-05,141.270004
2018-01-08,142.009995
2018-01-09,142.199997
2018-01-10,141.160004
2018-01-11,141.5
2018-01-12,143.710007
2018-01-16,143.679993
2018-01-17,142.300003
2018-01-18,141.789993
2018-01-19,142.279999
2018-01-22,142.669998
2018-01-23,142.399994
2018-01-24,143.369995
2018-01-25,144.020004
2018-01-26,144.380005
2018-01-29,144.5
2018-01-30,142.580002
2018-01-31,142.350006
2018-02-01,140.619995
2018-02-02,139.059998
2018-02-05,135.639999
2018-02-06,129.029999
2018-02-07,134.559998
2018-02-08,134
2018-02-09,130.539993
2018-02-12,132.059998
2018-02-13,133.210007
2018-02-14,132.610001
2018-02-15,136.690002
2018-02-16,136.300003
2018-02-20,136.039993
2018-02-21,135.949997
2018-02-22,136.029999
2018-02-23,136.830002
2018-02-26,138.380005
2018-02-27,138.440002
2018-02-28,137.050003
2018-03-01,134.380005
2018-03-02,132.580002
2018-03-05,132.770004
2018-03-06,135.580002
2018-03-07,135.279999
2018-03-08,136.559998
2018-03-09,136.789993
2018-03-12,138.559998
2018-03-13,138.839996
2018-03-14,138.130005
2018-03-15,135.960007
2018-03-16,133.779999
2018-03-19,133.699997
2018-03-20,132.419998
2018-03-21,131.990005
2018-03-22,132.199997
2018-03-23,129.419998
2018-03-26,128.270004
2018-03-27,129.619995
2018-03-28,127.879997
2018-03-29,126.839996
2018-04-02,128.5
2018-04-03,126.449997
2018-04-04,126.139999
2018-04-05,129.259995
2018-04-06,130.009995
2018-04-09,128.520004
2018-04-10,130.449997
2018-04-11,130.339996
2018-04-12,131.169998
2018-04-13,132.679993
2018-04-16,132.800003
2018-04-17,134.470001
2018-04-18,135.779999
2018-04-19,136.169998
2018-04-20,134.820007
2018-04-23,133.979996
2018-04-24,134.039993
2018-04-25,130.449997
2018-04-26,131.75
2018-04-27,131.850006
2018-04-30,131.509995
2018-05-01,128.940002
2018-05-02,129.259995
2018-05-03,129.029999
2018-05-04,128.789993
2018-05-07,131.320007
2018-05-08,130.960007
2018-05-09,131.460007
2018-05-10,133.009995
2018-05-11,133.960007
2018-05-14,133.970001
2018-05-15,133.130005
2018-05-16,133.559998
2018-05-17,135.240005
2018-05-18,135.639999
2018-05-21,136.529999
2018-05-22,136.800003
2018-05-23,134.940002
2018-05-24,135.059998
2018-05-25,134.289993
2018-05-29,133.270004
2018-05-30,133.149994
2018-05-31,133.880005
2018-06-01,133.410004
2018-06-04,134.880005
2018-06-05,134.990005
2018-06-06,136.220001
2018-06-07,138.259995
2018-06-08,137.429993
2018-06-11,137.899994
2018-06-12,138.220001
2018-06-13,138.289993
2018-06-14,137.369995
2018-06-15,136.660004
2018-06-18,135.110001
2018-06-19,134.139999
2018-06-20,133.800003
2018-06-21,132.820007
2018-06-22,132.520004
2018-06-25,132.809998
2018-06-26,131.630005
2018-06-27,132.220001
2018-06-28,130.789993
2018-06-29,131.529999
2018-07-02,130.669998
2018-07-03,131.979996
2018-07-05,131.600006
2018-07-06,131.869995
2018-07-09,133.289993
2018-07-10,134.179993
2018-07-11,133.740005
2018-07-12,133.690002
2018-07-13,132.910004
2018-07-16,133.089996
2018-07-17,131.770004
2018-07-18,133.610001
2018-07-19,133.130005
2018-07-20,132.789993
2018-07-23,132.649994
2018-07-24,132.970001
2018-07-25,133.580002
2018-07-26,134.410004
2018-07-27,135.600006
2018-07-30,134.830002
2018-07-31,134.669998
2018-08-01,135.470001
2018-08-02,133.139999
2018-08-03,133.479996
2018-08-06,133.610001
2018-08-07,134.850006
2018-08-08,134.800003
2018-08-09,134.800003
2018-08-10,134.059998
2018-08-13,133.059998
2018-08-14,131.929993
2018-08-15,131.550003
2018-08-16,130.990005
2018-08-17,131.070007
2018-08-20,132.179993
2018-08-21,133.199997
2018-08-22,134.029999
2018-08-23,133.009995
2018-08-24,132.940002
2018-08-27,134.259995
2018-08-28,135.979996
2018-08-29,135.100006
2018-08-30,135.729996
2018-08-31,134.389999
2018-09-04,133.929993
2018-09-05,133.119995
2018-09-06,134.350006
2018-09-07,133.610001
2018-09-10,133.710007
2018-09-11,132.729996
2018-09-12,133.270004
2018-09-13,134.330002
2018-09-14,134.520004
2018-09-17,134.520004
2018-09-18,135.130005
2018-09-19,135.139999
2018-09-20,136.910004
2018-09-21,137.919998
2018-09-24,136.110001
2018-09-25,135.050003
2018-09-26,133.729996
2018-09-27,132.699997
2018-09-28,131.509995
2018-10-01,131.779999
2018-10-02,132.039993
2018-10-03,133.070007
2018-10-04,131.619995
2018-10-05,130.570007
2018-10-08,129.470001
2018-10-09,128.610001
2018-10-10,125.57
2018-10-11,122
2018-10-12,122.540001
2018-10-15,121.010002
2018-10-16,121.309998
2018-10-17,122.620003
2018-10-18,121.580002
2018-10-19,120.370003
2018-10-22,120.120003
2018-10-23,116.970001
2018-10-24,117.010002
2018-10-25,113.93
2018-10-26,113.279999
2018-10-29,115.339996
2018-10-30,113.139999
2018-10-31,116.889999
2018-11-01,119.160004
2018-11-02,121.230003
2018-11-05,120.599998
2018-11-06,121.07
2018-11-07,123.489998
2018-11-08,124.169998
2018-11-09,123.269997
2018-11-12,121.879997
2018-11-13,120.459999
2018-11-14,120.870003
2018-11-15,119.519997
2018-11-16,121.379997
2018-11-19,122.360001
2018-11-20,119.230003
2018-11-21,118.900002
2018-11-23,118.589996
2018-11-26,119.339996
2018-11-27,118.779999
2018-11-28,118.160004
2018-11-29,119.870003
2018-11-30,120.080002
2018-12-03,123.620003
2018-12-04,122.860001
2018-12-06,116.790001
2018-12-07,117.389999
2018-12-10,114.32
2018-12-11,116.269997
2018-12-12,115.419998
2018-12-13,114.650002
2018-12-14,111.910004
2018-12-17,111.839996
2018-12-18,110.919998
2018-12-19,110.809998
2018-12-20,108.879997
2018-12-21,108.199997
2018-12-24,105.949997
2018-12-26,104.720001
2018-12-27,107.129997
2018-12-28,111.110001
2018-12-31,110.470001
2019-01-02,109.089996
2019-01-03,110.769997
2019-01-04,109.940002
2019-01-07,112.980003
2019-01-08,114.040001
2019-01-09,114.839996
2019-01-10,114.330002
2019-01-11,115.43
2019-01-14,114.669998
2019-01-15,114.269997
2019-01-16,114.089996
2019-01-17,114.379997
2019-01-18,117.459999
2019-01-22,117.830002
2019-01-23,117.160004
2019-01-24,115.699997
2019-01-25,116.790001
2019-01-28,116.980003
2019-01-29,118.139999
2019-01-30,119.360001
2019-01-31,117.839996
2019-02-01,119.059998
2019-02-04,119.550003
2019-02-05,119.610001
2019-02-06,119.830002
2019-02-07,118.949997
2019-02-08,117.330002
2019-02-11,118.150002
2019-02-12,119.160004
2019-02-13,121.25
2019-02-14,120.559998
2019-02-15,121.580002
2019-02-19,121.550003
2019-02-20,123.040001
2019-02-21,125.239998
2019-02-22,125.099998
2019-02-25,125.639999
2019-02-26,125.32
2019-02-27,124.620003
2019-02-28,124.830002
2019-03-01,124.089996
2019-03-04,123.629997
2019-03-05,123.699997
2019-03-06,123.269997
2019-03-07,122.730003
2019-03-08,121.160004
2019-03-11,122.290001
2019-03-12,123.949997
2019-03-13,124.620003
2019-03-14,123.959999
2019-03-15,123.510002
2019-03-18,123.580002
2019-03-19,124.580002
2019-03-20,123.690002
2019-03-21,122.519997
2019-03-22,123.339996
2019-03-25,120.470001
2019-03-26,121.239998
2019-03-27,120.980003
2019-03-28,121.300003
2019-03-29,122.480003
